id,independent,iso_3166_1_alpha2,iso_3166_1_alpha3,name_preferred,name_english,name_french,name_spanish,name_russian,name_chinese,name_arabic,latitude,longitude,region_code,region_name,sub_region_code,sub_region_name,intermediate_region_code,intermediate_region_name,world_bank_income_level,currency,period_start,flag
1,Y,AF,AFG,AFGHANISTAN,AFGHANISTAN,AFGHANISTAN (L'),AFGANISTÁN (EL),АФГАНИСТАН,阿富汗,أفغانستان,33.83147477,66.02621828,142,ASIA,34,SOUTHERN ASIA,,,LOW,AFN,2004-01-26,🇦🇫
2,N,AX,ALA,ÅLAND ISLANDS,ÅLAND ISLANDS,,,,,,60.18121338,19.89649072,150,EUROPE,154,NORTHERN EUROPE,,,,EUR,2004-02-13,🇦🇽
3,Y,AL,ALB,ALBANIA,ALBANIA,ALBANIE (L'),ALBANIA,АЛБАНИЯ,阿尔巴尼亚,ألبانيا,41.13180899,20.06882519,150,EUROPE,39,SOUTHERN EUROPE,,,UPPER MIDDLE,ALL,1974-01-01,🇦🇱
4,Y,DZ,DZA,ALGERIA,ALGERIA,ALGÉRIE (L'),ARGELIA,АЛЖИР,阿尔及利亚,الجزائر,28.16474462,2.63351219,2,AFRICA,15,NORTHERN AFRICA,,,LOWER MIDDLE,DZD,1974-01-01,🇩🇿
5,N,AS,ASM,AMERICAN SAMOA,AMERICAN SAMOA,,,,,,-14.30440488,-170.70783,9,OCEANIA,61,POLYNESIA,,,HIGH,USD,1974-01-01,🇦🇸
6,Y,AD,AND,ANDORRA,ANDORRA,ANDORRE (L'),ANDORRA,АНДОРРА,安道尔,أندورا,42.55527067,1.578938861,150,EUROPE,39,SOUTHERN EUROPE,,,HIGH,EUR,1994-01-26,🇦🇩
7,Y,AO,AGO,ANGOLA,ANGOLA,ANGOLA (L'),ANGOLA,АНГОЛА,安哥拉,أنغولا,-12.3755731,17.59867248,2,AFRICA,202,SUB-SAHARAN AFRICA,17,MIDDLE AFRICA,LOWER MIDDLE,AOA,1993-07-02,🇦🇴
8,N,AI,AIA,ANGUILLA,ANGUILLA,,,,,,18.22301491,-63.06006462,19,AMERICAS,419,LATIN AMERICA AND THE CARIBBEAN,29,CARIBBEAN,,XCD,1985-01-01,🇦🇮
9,N,AQ,ATA,ANTARCTICA,ANTARCTICA,,,,,,-80.45066299,21.43458373,,,,,,,,,1983-01-01,🇦🇶
10,Y,AG,ATG,ANTIGUA AND BARBUDA,ANTIGUA AND BARBUDA,ANTIGUA-ET-BARBUDA,ANTIGUA Y BARBUDA,АНТИГУА И БАРБУДА,安提瓜和巴布达,أنتيغوا وبربودا,17.07120733,-61.79815058,19,AMERICAS,419,LATIN AMERICA AND THE CARIBBEAN,29,CARIBBEAN,HIGH,XCD,1974-01-01,🇦🇬
11,Y,AR,ARG,ARGENTINA,ARGENTINA,ARGENTINE (L'),ARGENTINA (LA),АРГЕНТИНА,阿根廷,الأرجنتين,-34.98567234,-65.12225892,19,AMERICAS,419,LATIN AMERICA AND THE CARIBBEAN,5,SOUTH AMERICA,UPPER MIDDLE,ARS,1974-01-01,🇦🇷
12,Y,AM,ARM,ARMENIA,ARMENIA,ARMÉNIE (L'),ARMENIA,АРМЕНИЯ,亚美尼亚,أرمينيا,40.29202499,44.9429026,142,ASIA,145,WESTERN ASIA,,,UPPER MIDDLE,AMD,1992-06-15,🇦🇲
13,N,AW,ABW,ARUBA,ARUBA,,,,,,12.5156546,-69.9757266,19,AMERICAS,419,LATIN AMERICA AND THE CARIBBEAN,29,CARIBBEAN,HIGH,AWG,1986-01-01,🇦🇼
14,Y,AU,AUS,AUSTRALIA,AUSTRALIA,AUSTRALIE (L'),AUSTRALIA,АВСТРАЛИЯ,澳大利亚,أستراليا,-25.40546125,134.2181189,9,OCEANIA,53,AUSTRALIA AND NEW ZEALAND,,,HIGH,AUD,1974-01-01,🇦🇺
15,Y,AT,AUT,AUSTRIA,AUSTRIA,AUTRICHE (L'),AUSTRIA,АВСТРИЯ,奥地利,النمسا,47.59086187,14.13920086,150,EUROPE,155,WESTERN EUROPE,,,HIGH,EUR,1974-01-01,🇦🇹
16,Y,AZ,AZE,AZERBAIJAN,AZERBAIJAN,AZERBAÏDJAN (L'),AZERBAIYÁN,АЗЕРБАЙДЖАН,阿塞拜疆,أذربيجان,40.42670781,47.80669468,142,ASIA,145,WESTERN ASIA,,,UPPER MIDDLE,AZN,1992-06-15,🇦🇿
17,Y,BS,BHS,BAHAMAS,BAHAMAS,BAHAMAS (LES),BAHAMAS (LAS),БАГАМСКИЕ ОСТРОВА,巴哈马,جزر البهاما,25.90317684,-78.61665744,19,AMERICAS,419,LATIN AMERICA AND THE CARIBBEAN,29,CARIBBEAN,HIGH,BSD,1974-01-01,🇧🇸
18,Y,BH,BHR,BAHRAIN,BAHRAIN,BAHREÏN,BAHREIN,БАХРЕЙН,巴林,البحرين,26.05396006,50.53486327,142,ASIA,145,WESTERN ASIA,,,HIGH,BHD,1974-01-01,🇧🇭
19,Y,BD,BGD,BANGLADESH,BANGLADESH,BANGLADESH (LE),BANGLADESH,БАНГЛАДЕШ,孟加拉国,بنغلاديش,23.88207427,90.24107264,142,ASIA,34,SOUTHERN ASIA,,,LOWER MIDDLE,BDT,1974-01-01,🇧🇩
20,Y,BB,BRB,BARBADOS,BARBADOS,BARBADE (LA),BARBADOS,БАРБАДОС,巴巴多斯,بربادوس,13.184952,-59.55382245,19,AMERICAS,419,LATIN AMERICA AND THE CARIBBEAN,29,CARIBBEAN,HIGH,BBD,1974-01-01,🇧🇧
21,Y,BY,BLR,BELARUS,BELARUS,BÉLARUS (LE),BELARÚS,БЕЛАРУСЬ,白俄罗斯,بيلاروس,53.53965016,28.04932937,150,EUROPE,151,EASTERN EUROPE,,,UPPER MIDDLE,BYN,1992-06-15,🇧🇾
22,Y,BE,BEL,BELGIUM,BELGIUM,BELGIQUE (LA),BÉLGICA,БЕЛЬГИЯ,比利时,بلجيكا,50.64206011,4.658786236,150,EUROPE,155,WESTERN EUROPE,,,HIGH,EUR,1974-01-01,🇧🇪
23,Y,BZ,BLZ,BELIZE,BELIZE,BELIZE (LE),BELICE,БЕЛИЗ,伯利兹,بليز,17.20829609,-88.69988922,19,AMERICAS,419,LATIN AMERICA AND THE CARIBBEAN,13,CENTRAL AMERICA,UPPER MIDDLE,BZD,1974-01-01,🇧🇿
24,Y,BJ,BEN,BENIN,BENIN,BÉNIN (LE),BENIN,БЕНИН,贝宁,بنن,9.642665015,2.342864021,2,AFRICA,202,SUB-SAHARAN AFRICA,11,WESTERN AFRICA,LOWER MIDDLE,XOF,1977-01-01,🇧🇯
25,N,BM,BMU,BERMUDA,BERMUDA,,,,,,32.31605051,-64.73984042,19,AMERICAS,21,NORTHERN AMERICA,,,HIGH,BMD,1974-01-01,🇧🇲
26,Y,BT,BTN,BHUTAN,BHUTAN,BHOUTAN (LE),BHUTÁN,БУТАН,不丹,بوتان,27.41443467,90.43085885,142,ASIA,34,SOUTHERN ASIA,,,LOWER MIDDLE,BTN,1974-01-01,🇧🇹
27,Y,BO,BOL,BOLIVIA (PLURINATIONAL STATE OF),BOLIVIA (PLURINATIONAL STATE OF),BOLIVIE (ÉTAT PLURINATIONAL DE),BOLIVIA (ESTADO PLURINACIONAL DE),БОЛИВИЯ (МНОГОНАЦИОНАЛЬНОЕ ГОСУДАРСТВО),多民族玻利维亚国,بوليفيا (دولة - المتعددة القوميات),-16.71483757,-64.66829843,19,AMERICAS,419,LATIN AMERICA AND THE CARIBBEAN,5,SOUTH AMERICA,LOWER MIDDLE,BOB,2009-05-08,🇧🇴
28,Y,BA,BIH,BOSNIA AND HERZEGOVINA,BOSNIA AND HERZEGOVINA,BOSNIE-HERZÉGOVINE (LA),BOSNIA Y HERZEGOVINA,БОСНИЯ И ГЕРЦЕГОВИНА,波斯尼亚和黑塞哥维那,البوسنة والهرسك,44.16506495,17.79105724,150,EUROPE,39,SOUTHERN EUROPE,,,UPPER MIDDLE,BAM,1993-01-01,🇧🇦
29,N,BQ,BES,"BONAIRE, SINT EUSTATIUS AND SABA","BONAIRE, SINT EUSTATIUS AND SABA",,,,,,12.15882921,-68.24278483,19,AMERICAS,419,LATIN AMERICA AND THE CARIBBEAN,29,CARIBBEAN,,USD,2011-06-12,🇧🇶
30,Y,BW,BWA,BOTSWANA,BOTSWANA,BOTSWANA (LE),BOTSWANA,БОТСВАНА,博茨瓦纳,بوتسوانا,-22.17991766,23.81673035,2,AFRICA,202,SUB-SAHARAN AFRICA,18,SOUTHERN AFRICA,UPPER MIDDLE,BWP,1974-01-01,🇧🇼
31,N,BV,BVT,BOUVET ISLAND,BOUVET ISLAND,,,,,,-54.42190835,3.412516924,19,AMERICAS,419,LATIN AMERICA AND THE CARIBBEAN,5,SOUTH AMERICA,,NOK,1974-01-01,🇧🇻
32,Y,BR,BRA,BRAZIL,BRAZIL,BRÉSIL (LE),BRASIL (EL),БРАЗИЛИЯ,巴西,البرازيل,-10.77518961,-53.09141767,19,AMERICAS,419,LATIN AMERICA AND THE CARIBBEAN,5,SOUTH AMERICA,UPPER MIDDLE,BRL,1974-01-01,🇧🇷
33,N,IO,IOT,BRITISH INDIAN OCEAN TERRITORY,BRITISH INDIAN OCEAN TERRITORY,,,,,,-7.334186151,72.43402037,2,AFRICA,202,SUB-SAHARAN AFRICA,14,EASTERN AFRICA,,USD,1974-01-01,🇮🇴
34,Y,BN,BRN,BRUNEI DARUSSALAM,BRUNEI DARUSSALAM,BRUNÉI DARUSSALAM (LE),BRUNEI DARUSSALAM,БРУНЕЙ-ДАРУССАЛАМ,文莱达鲁萨兰国,بروني دار السلام,4.439247073,114.4374636,142,ASIA,35,SOUTH-EASTERN ASIA,,,HIGH,BND,1974-01-01,🇧🇳
35,Y,BG,BGR,BULGARIA,BULGARIA,BULGARIE (LA),BULGARIA,БОЛГАРИЯ,保加利亚,بلغاريا,42.76069057,25.23572028,150,EUROPE,151,EASTERN EUROPE,,,UPPER MIDDLE,BGL,1974-01-01,🇧🇬
36,Y,BF,BFA,BURKINA FASO,BURKINA FASO,BURKINA FASO (LE),BURKINA FASO,БУРКИНА-ФАСО,布基纳法索,بوركينا فاسو,12.27790144,-1.738649343,2,AFRICA,202,SUB-SAHARAN AFRICA,11,WESTERN AFRICA,LOW,XOF,1984-01-01,🇧🇫
37,Y,BI,BDI,BURUNDI,BURUNDI,BURUNDI (LE),BURUNDI,БУРУНДИ,布隆迪,بوروندي,-3.356208708,29.89200134,2,AFRICA,202,SUB-SAHARAN AFRICA,14,EASTERN AFRICA,LOW,BIF,1974-01-01,🇧🇮
38,Y,KH,KHM,CAMBODIA,CAMBODIA,CAMBODGE (LE),CAMBOYA,КАМБОДЖА,柬埔寨,كمبوديا,12.71583138,104.9221723,142,ASIA,35,SOUTH-EASTERN ASIA,,,LOWER MIDDLE,KHR,1994-01-26,🇰🇭
39,Y,CM,CMR,CAMEROON,CAMEROON,CAMEROUN (LE),CAMERÚN (EL),КАМЕРУН,喀麦隆,الكاميرون,5.68036831,12.74068837,2,AFRICA,202,SUB-SAHARAN AFRICA,17,MIDDLE AFRICA,LOWER MIDDLE,XAF,1974-01-01,🇨🇲
40,Y,CA,CAN,CANADA,CANADA,CANADA (LE),CANADÁ (EL),КАНАДА,加拿大,كندا,61.4126317,-98.23039804,19,AMERICAS,21,NORTHERN AMERICA,,,HIGH,CAD,1974-01-01,🇨🇦
41,Y,CV,CPV,CABO VERDE,CABO VERDE,CABO VERDE,CABO VERDE,КАБО-ВЕРДЕ,佛得角,كابو فيردي,17.52133998,-24.58506404,2,AFRICA,202,SUB-SAHARAN AFRICA,11,WESTERN AFRICA,LOWER MIDDLE,CVE,1974-01-01,🇨🇻
42,N,KY,CYM,CAYMAN ISLANDS,CAYMAN ISLANDS,,,,,,19.31065556,-81.20426038,19,AMERICAS,419,LATIN AMERICA AND THE CARIBBEAN,29,CARIBBEAN,HIGH,KYD,1974-01-01,🇰🇾
43,Y,CF,CAF,CENTRAL AFRICAN REPUBLIC,CENTRAL AFRICAN REPUBLIC,RÉPUBLIQUE CENTRAFRICAINE (LA),REPÚBLICA CENTROAFRICANA (LA),ЦЕНТРАЛЬНОАФРИКАНСКАЯ РЕСПУБЛИКА,中非共和国,جمهورية أفريقيا الوسطى,6.570747926,20.48450088,2,AFRICA,202,SUB-SAHARAN AFRICA,17,MIDDLE AFRICA,LOW,XAF,1974-01-01,🇨🇫
44,Y,TD,TCD,CHAD,CHAD,TCHAD (LE),CHAD (EL),ЧАД,乍得,تشاد,15.35740495,18.66399556,2,AFRICA,202,SUB-SAHARAN AFRICA,17,MIDDLE AFRICA,LOW,XAF,1974-01-01,🇹🇩
45,Y,CL,CHL,CHILE,CHILE,CHILI (LE),CHILE,ЧИЛИ,智利,شيلي,-37.68386885,-71.33321859,19,AMERICAS,419,LATIN AMERICA AND THE CARIBBEAN,5,SOUTH AMERICA,HIGH,CLP,1974-01-01,🇨🇱
46,Y,CN,CHN,CHINA,CHINA,CHINE (LA),CHINA,КИТАЙ,中国,الصين,36.67464756,103.8680636,142,ASIA,30,EASTERN ASIA,,,UPPER MIDDLE,CNY,1974-01-01,🇨🇳
47,N,CX,CXR,CHRISTMAS ISLAND,CHRISTMAS ISLAND,,,,,,-10.44411458,105.7036972,9,OCEANIA,53,AUSTRALIA AND NEW ZEALAND,,,,AUD,1974-01-01,🇨🇽
48,N,CC,CCK,COCOS (KEELING) ISLANDS,COCOS (KEELING) ISLANDS,,,,,,-12.17127014,96.83690355,9,OCEANIA,53,AUSTRALIA AND NEW ZEALAND,,,,AUD,1974-01-01,🇨🇨
49,Y,CO,COL,COLOMBIA,COLOMBIA,COLOMBIE (LA),COLOMBIA,КОЛУМБИЯ,哥伦比亚,كولومبيا,3.897367041,-73.07080696,19,AMERICAS,419,LATIN AMERICA AND THE CARIBBEAN,5,SOUTH AMERICA,UPPER MIDDLE,COP,1974-01-01,🇨🇴
50,Y,KM,COM,COMOROS,COMOROS,COMORES (LES),COMORAS (LAS),КОМОРСКИЕ ОСТРОВА,科摩罗,جزر القمر,-11.42407818,42.8293551,2,AFRICA,202,SUB-SAHARAN AFRICA,14,EASTERN AFRICA,LOWER MIDDLE,KMF,2003-01-14,🇰🇲
51,Y,CG,COG,CONGO,CONGO,CONGO (LE),CONGO (EL),КОНГО,刚果,الكونغو,-0.83949506,15.22629207,2,AFRICA,202,SUB-SAHARAN AFRICA,17,MIDDLE AFRICA,LOWER MIDDLE,XAF,1974-01-01,🇨🇬
52,Y,CD,COD,DEMOCRATIC REPUBLIC OF THE CONGO,DEMOCRATIC REPUBLIC OF THE CONGO,RÉPUBLIQUE DÉMOCRATIQUE DU CONGO (LA),REPÚBLICA DEMOCRÁTICA DEL CONGO (LA),ДЕМОКРАТИЧЕСКАЯ РЕСПУБЛИКА КОНГО,刚果民主共和国,جمهورية الكونغو الديمقراطية,-2.876807692,23.65623593,2,AFRICA,202,SUB-SAHARAN AFRICA,17,MIDDLE AFRICA,LOW,CDF,1997-07-14,🇨🇩
53,Y,CK,COK,COOK ISLANDS,COOK ISLANDS,ÎLES COOK (LES),ISLAS COOK (LAS),ОСТРОВА КУКА,库克群岛,جزر كوك,-20.14332999,-159.7599857,9,OCEANIA,61,POLYNESIA,,,,NZD,1974-01-01,🇨🇰
54,Y,CR,CRI,COSTA RICA,COSTA RICA,COSTA RICA (LE),COSTA RICA,КОСТА-РИКА,哥斯达黎加,كوستاريكا,9.960735487,-84.18254176,19,AMERICAS,419,LATIN AMERICA AND THE CARIBBEAN,13,CENTRAL AMERICA,UPPER MIDDLE,CRC,1974-01-01,🇨🇷
55,Y,CI,CIV,CÔTE D'IVOIRE,CÔTE D'IVOIRE,CÔTE D'IVOIRE (LA),CÔTE D’IVOIRE,КОТ-Д’ИВУАР,科特迪瓦,كوت ديفوار,7.630087005,-5.552402136,2,AFRICA,202,SUB-SAHARAN AFRICA,11,WESTERN AFRICA,LOWER MIDDLE,XOF,1974-01-01,🇨🇮
56,Y,HR,HRV,CROATIA,CROATIA,CROATIE (LA),CROACIA,ХОРВАТИЯ,克罗地亚,كرواتيا,45.18877041,16.42353441,150,EUROPE,39,SOUTHERN EUROPE,,,HIGH,HRK,1992-06-15,🇭🇷
57,Y,CU,CUB,CUBA,CUBA,CUBA,CUBA,КУБА,古巴,كوبا,21.6053525,-78.90713844,19,AMERICAS,419,LATIN AMERICA AND THE CARIBBEAN,29,CARIBBEAN,UPPER MIDDLE,CUP,1974-01-01,🇨🇺
58,N,CW,CUW,CURAÇAO,CURAÇAO,,,,,,12.21019745,-69.04044898,19,AMERICAS,419,LATIN AMERICA AND THE CARIBBEAN,29,CARIBBEAN,HIGH,ANG,2010-12-15,🇨🇼
59,Y,CY,CYP,CYPRUS,CYPRUS,CHYPRE,CHIPRE,КИПР,塞浦路斯,قبرص,35.01941238,33.1666508,142,ASIA,145,WESTERN ASIA,,,HIGH,EUR,1974-01-01,🇨🇾
60,Y,CZ,CZE,CZECHIA,CZECHIA,TCHÉQUIE (LA),CHEQUIA,ЧЕХИЯ,捷克,تشيكيا,49.74240068,15.34943448,150,EUROPE,151,EASTERN EUROPE,,,HIGH,CZK,2016-08-29,🇨🇿
61,Y,DK,DNK,DENMARK,DENMARK,DANEMARK (LE),DINAMARCA,ДАНИЯ,丹麦,الدانمرك,56.06439188,9.942213684,150,EUROPE,154,NORTHERN EUROPE,,,HIGH,DKK,1974-01-01,🇩🇰
62,Y,DJ,DJI,DJIBOUTI,DJIBOUTI,DJIBOUTI,DJIBOUTI,ДЖИБУТИ,吉布提,جيبوتي,11.74658946,42.58022315,2,AFRICA,202,SUB-SAHARAN AFRICA,14,EASTERN AFRICA,LOWER MIDDLE,DJF,1977-01-01,🇩🇯
63,Y,DM,DMA,DOMINICA,DOMINICA,DOMINIQUE (LA),DOMINICA,ДОМИНИКА,多米尼克,دومينيكا,15.42468124,-61.36047599,19,AMERICAS,419,LATIN AMERICA AND THE CARIBBEAN,29,CARIBBEAN,UPPER MIDDLE,XCD,1974-01-01,🇩🇲
64,Y,DO,DOM,DOMINICAN REPUBLIC,DOMINICAN REPUBLIC,RÉPUBLIQUE DOMINICAINE (LA),REPÚBLICA DOMINICANA (LA),ДОМИНИКАНСКАЯ РЕСПУБЛИКА,多米尼加共和国,الجمهورية الدومينيكية,18.89453409,-70.49429315,19,AMERICAS,419,LATIN AMERICA AND THE CARIBBEAN,29,CARIBBEAN,UPPER MIDDLE,DOP,1974-01-01,🇩🇴
65,Y,EC,ECU,ECUADOR,ECUADOR,ÉQUATEUR (L'),ECUADOR (EL),ЭКВАДОР,厄瓜多尔,إكوادور,-1.464036749,-78.05190165,19,AMERICAS,419,LATIN AMERICA AND THE CARIBBEAN,5,SOUTH AMERICA,UPPER MIDDLE,USD,1974-01-01,🇪🇨
66,Y,EG,EGY,EGYPT,EGYPT,ÉGYPTE (L'),EGIPTO,ЕГИПЕТ,埃及,مصر,26.55281781,29.78562814,2,AFRICA,15,NORTHERN AFRICA,,,LOWER MIDDLE,EGP,1974-01-01,🇪🇬
67,Y,SV,SLV,EL SALVADOR,EL SALVADOR,EL SALVADOR,EL SALVADOR,САЛЬВАДОР,萨尔瓦多,السلفادور,13.72764125,-88.86315324,19,AMERICAS,419,LATIN AMERICA AND THE CARIBBEAN,13,CENTRAL AMERICA,UPPER MIDDLE,USD,1974-01-01,🇸🇻
68,Y,GQ,GNQ,EQUATORIAL GUINEA,EQUATORIAL GUINEA,GUINÉE ÉQUATORIALE (LA),GUINEA ECUATORIAL,ЭКВАТОРИАЛЬНАЯ ГВИНЕЯ,赤道几内亚,غينيا الاستوائية,1.412936146,10.61572825,2,AFRICA,202,SUB-SAHARAN AFRICA,17,MIDDLE AFRICA,UPPER MIDDLE,XAF,1974-01-01,🇬🇶
69,Y,ER,ERI,ERITREA,ERITREA,ÉRYTHRÉE (L'),ERITREA,ЭРИТРЕЯ,厄立特里亚,إريتريا,15.37695899,38.82792338,2,AFRICA,202,SUB-SAHARAN AFRICA,14,EASTERN AFRICA,LOW,ERN,2012-08-02,🇪🇷
70,Y,EE,EST,ESTONIA,ESTONIA,ESTONIE (L'),ESTONIA,ЭСТОНИЯ,爱沙尼亚,إستونيا,58.70758667,26.168216,150,EUROPE,154,NORTHERN EUROPE,,,HIGH,EUR,1992-06-15,🇪🇪
71,Y,ET,ETH,ETHIOPIA,ETHIOPIA,ÉTHIOPIE (L'),ETIOPÍA,ЭФИОПИЯ,埃塞俄比亚,إثيوبيا,8.633664665,39.61587345,2,AFRICA,202,SUB-SAHARAN AFRICA,14,EASTERN AFRICA,LOW,ETB,1993-07-16,🇪🇹
72,N,FK,FLK,FALKLAND ISLANDS (MALVINAS),FALKLAND ISLANDS,,,,,,-51.7638724,-55.8098409,19,AMERICAS,419,LATIN AMERICA AND THE CARIBBEAN,5,SOUTH AMERICA,,FKP,1974-01-01,🇫🇰
73,N,FO,FRO,FAROE ISLANDS,FAROE ISLANDS,,,,,,61.64924758,-6.548553177,150,EUROPE,154,NORTHERN EUROPE,,,HIGH,DKK,1974-01-01,🇫🇴
74,Y,FJ,FJI,FIJI,FIJI,FIDJI (LES),FIJI,ФИДЖИ,斐济,فيجي,-19.0190607,195.3435043,9,OCEANIA,54,MELANESIA,,,UPPER MIDDLE,FJD,2011-06-12,🇫🇯
75,Y,FI,FIN,FINLAND,FINLAND,FINLANDE (LA),FINLANDIA,ФИНЛЯНДИЯ,芬兰,فنلندا,64.52173893,26.29452799,150,EUROPE,154,NORTHERN EUROPE,,,HIGH,EUR,1974-01-01,🇫🇮
76,Y,FR,FRA,FRANCE,FRANCE,FRANCE (LA),FRANCIA,ФРАНЦИЯ,法国,فرنسا,46.6984015,2.350055968,150,EUROPE,155,WESTERN EUROPE,,,HIGH,EUR,1974-01-01,🇫🇷
77,N,GF,GUF,FRENCH GUIANA,FRENCH GUIANA,,,,,,3.928100844,-53.24266781,19,AMERICAS,419,LATIN AMERICA AND THE CARIBBEAN,5,SOUTH AMERICA,,EUR,1974-01-01,🇬🇫
78,N,PF,PYF,FRENCH POLYNESIA,FRENCH POLYNESIA,,,,,,-24.06211632,-156.7187297,9,OCEANIA,61,POLYNESIA,,,HIGH,XPF,1974-01-01,🇵🇫
79,N,TF,ATF,FRENCH SOUTHERN TERRITORIES,FRENCH SOUTHERN TERRITORIES,,,,,,-49.32257975,69.49884805,2,AFRICA,202,SUB-SAHARAN AFRICA,14,EASTERN AFRICA,,EUR,1979-01-01,🇹🇫
80,Y,GA,GAB,GABON,GABON,GABON (LE),GABÓN (EL),ГАБОН,加蓬,غابون,-0.595400581,11.79997877,2,AFRICA,202,SUB-SAHARAN AFRICA,17,MIDDLE AFRICA,UPPER MIDDLE,XAF,1974-01-01,🇬🇦
81,Y,GM,GMB,GAMBIA,GAMBIA,GAMBIE (LA),GAMBIA,ГАМБИЯ,冈比亚,غامبيا,13.44470328,-15.44718402,2,AFRICA,202,SUB-SAHARAN AFRICA,11,WESTERN AFRICA,LOW,GMD,1974-01-01,🇬🇲
82,Y,GE,GEO,GEORGIA,GEORGIA,GÉORGIE (LA),GEORGIA,ГРУЗИЯ,格鲁吉亚,جورجيا,42.17290221,43.5117089,142,ASIA,145,WESTERN ASIA,,,UPPER MIDDLE,GEL,1992-08-28,🇬🇪
83,Y,DE,DEU,GERMANY,GERMANY,ALLEMAGNE (L'),ALEMANIA,ГЕРМАНИЯ,德国,ألمانيا,51.08227882,10.37515859,150,EUROPE,155,WESTERN EUROPE,,,HIGH,EUR,1990-10-30,🇩🇪
84,Y,GH,GHA,GHANA,GHANA,GHANA (LE),GHANA,ГАНА,加纳,غانا,7.956118608,-1.209564758,2,AFRICA,202,SUB-SAHARAN AFRICA,11,WESTERN AFRICA,LOWER MIDDLE,GHS,1974-01-01,🇬🇭
85,N,GI,GIB,GIBRALTAR,GIBRALTAR,,,,,,36.13872267,-5.34508156,150,EUROPE,39,SOUTHERN EUROPE,,,HIGH,GIP,1974-01-01,🇬🇮
86,Y,GR,GRC,GREECE,GREECE,GRÈCE (LA),GRECIA,ГРЕЦИЯ,希腊,اليونان,39.99547189,22.15714659,150,EUROPE,39,SOUTHERN EUROPE,,,HIGH,EUR,1974-01-01,🇬🇷
87,N,GL,GRL,GREENLAND,GREENLAND,,,,,,74.714673,-41.37858526,19,AMERICAS,21,NORTHERN AMERICA,,,HIGH,DKK,1974-01-01,🇬🇱
88,Y,GD,GRD,GRENADA,GRENADA,GRENADE (LA),GRANADA,ГРЕНАДА,格林纳达,غرينادا,12.11295969,-61.67937955,19,AMERICAS,419,LATIN AMERICA AND THE CARIBBEAN,29,CARIBBEAN,UPPER MIDDLE,XCD,1974-01-01,🇬🇩
89,N,GP,GLP,GUADELOUPE,GUADELOUPE,,,,,,16.40393131,-61.75296289,19,AMERICAS,419,LATIN AMERICA AND THE CARIBBEAN,29,CARIBBEAN,,EUR,1974-01-01,🇬🇵
90,N,GU,GUM,GUAM,GUAM,,,,,,13.47185432,144.784677,9,OCEANIA,57,MICRONESIA,,,HIGH,USD,1974-01-01,🇬🇺
91,Y,GT,GTM,GUATEMALA,GUATEMALA,GUATEMALA (LE),GUATEMALA,ГВАТЕМАЛА,危地马拉,غواتيمالا,15.699081,-90.35850945,19,AMERICAS,419,LATIN AMERICA AND THE CARIBBEAN,13,CENTRAL AMERICA,UPPER MIDDLE,GTQ,1974-01-01,🇬🇹
92,N,GG,GGY,GUERNSEY,GUERNSEY,,,,,,49.46819115,-2.59052163,150,EUROPE,154,NORTHERN EUROPE,830,CHANNEL ISLANDS,,GBP,2006-03-29,🇬🇬
93,Y,GN,GIN,GUINEA,GUINEA,GUINÉE (LA),GUINEA,ГВИНЕЯ,几内亚,غينيا,10.43642262,-10.95068301,2,AFRICA,202,SUB-SAHARAN AFRICA,11,WESTERN AFRICA,LOWER MIDDLE,GNF,1974-01-01,🇬🇳
94,Y,GW,GNB,GUINEA-BISSAU,GUINEA-BISSAU,GUINÉE-BISSAU (LA),GUINEA-BISSAU,ГВИНЕЯ-БИСАУ,几内亚比绍,غينيا - بيساو,12.05479161,-14.94108332,2,AFRICA,202,SUB-SAHARAN AFRICA,11,WESTERN AFRICA,LOW,XOF,1974-01-01,🇬🇼
95,Y,GY,GUY,GUYANA,GUYANA,GUYANA (LE),GUYANA,ГАЙАНА,圭亚那,غيانا,4.800395012,-58.97699814,19,AMERICAS,419,LATIN AMERICA AND THE CARIBBEAN,5,SOUTH AMERICA,HIGH,GYD,2018-10-11,🇬🇾
96,Y,HT,HTI,HAITI,HAITI,HAÏTI,HAITÍ,ГАИТИ,海地,هايتي,18.94164176,-72.65840205,19,AMERICAS,419,LATIN AMERICA AND THE CARIBBEAN,29,CARIBBEAN,LOWER MIDDLE,HTG,1974-01-01,🇭🇹
97,N,HM,HMD,HEARD ISLAND AND MCDONALD ISLANDS,HEARD ISLAND AND MCDONALD ISLANDS,,,,,,-53.0998917,73.52881216,9,OCEANIA,53,AUSTRALIA AND NEW ZEALAND,,,,AUD,1974-01-01,🇭🇲
98,Y,VA,VAT,HOLY SEE,HOLY SEE,SAINT-SIÈGE (LE),SANTA SEDE (LA),СВЯТОЙ ПРЕСТОЛ,罗马教廷,الكرسي الرسولي,41.90336493,12.45225447,150,EUROPE,39,SOUTHERN EUROPE,,,,EUR,1996-04-03,🇻🇦
99,Y,HN,HND,HONDURAS,HONDURAS,HONDURAS (LE),HONDURAS,ГОНДУРАС,洪都拉斯,هندوراس,14.80908243,-86.63495948,19,AMERICAS,419,LATIN AMERICA AND THE CARIBBEAN,13,CENTRAL AMERICA,LOWER MIDDLE,HNL,1974-01-01,🇭🇳
100,N,HK,HKG,"CHINA, HONG KONG SPECIAL ADMINISTRATIVE REGION","CHINA, HONG KONG SPECIAL ADMINISTRATIVE REGION",,,,,,22.4216098,114.1539976,142,ASIA,30,EASTERN ASIA,,,HIGH,HKD,1974-01-01,🇭🇰
101,Y,HU,HUN,HUNGARY,HUNGARY,HONGRIE (LA),HUNGRÍA,ВЕНГРИЯ,匈牙利,هنغاريا,47.16567815,19.42172591,150,EUROPE,151,EASTERN EUROPE,,,HIGH,HUF,2012-02-15,🇭🇺
102,Y,IS,ISL,ICELAND,ICELAND,ISLANDE (L'),ISLANDIA,ИСЛАНДИЯ,冰岛,آيسلندا,64.99668622,-18.61425416,150,EUROPE,154,NORTHERN EUROPE,,,HIGH,ISK,2022-10-20,🇮🇸
103,Y,IN,IND,INDIA,INDIA,INDE (L'),INDIA (LA),ИНДИЯ,印度,الهند,22.37137039,79.32792202,142,ASIA,34,SOUTHERN ASIA,,,LOWER MIDDLE,INR,1975-01-01,🇮🇳
104,Y,ID,IDN,INDONESIA,INDONESIA,INDONÉSIE (L'),INDONESIA,ИНДОНЕЗИЯ,印度尼西亚,إندونيسيا,-2.21433486,117.2844335,142,ASIA,35,SOUTH-EASTERN ASIA,,,UPPER MIDDLE,IDR,1974-01-01,🇮🇩
105,Y,IR,IRN,IRAN (ISLAMIC REPUBLIC OF),IRAN (ISLAMIC REPUBLIC OF),IRAN (RÉPUBLIQUE ISLAMIQUE D'),IRÁN (REPÚBLICA ISLÁMICA DEL),ИРАН (ИСЛАМСКАЯ РЕСПУБЛИКА),伊朗伊斯兰共和国,إيران (جمهورية - الإسلامية),32.57533772,54.2973284,142,ASIA,34,SOUTHERN ASIA,,,LOWER MIDDLE,IRR,1974-01-01,🇮🇷
106,Y,IQ,IRQ,IRAQ,IRAQ,IRAQ (L'),IRAQ (EL),ИРАК,伊拉克,العراق,33.04497404,43.77207391,142,ASIA,145,WESTERN ASIA,,,UPPER MIDDLE,IQD,1974-01-01,🇮🇶
107,Y,IE,IRL,IRELAND,IRELAND,IRLANDE (L'),IRLANDA,ИРЛАНДИЯ,爱尔兰,أيرلندا,53.16969376,-8.154213185,150,EUROPE,154,NORTHERN EUROPE,,,HIGH,EUR,1974-01-01,🇮🇪
108,N,IM,IMN,ISLE OF MAN,ISLE OF MAN,,,,,,54.23948288,-4.51817639,150,EUROPE,154,NORTHERN EUROPE,,,HIGH,GBP,2006-03-29,🇮🇲
109,Y,IL,ISR,ISRAEL,ISRAEL,ISRAËL,ISRAEL,ИЗРАИЛЬ,以色列,إسرائيل,31.33857325,34.96023155,142,ASIA,145,WESTERN ASIA,,,HIGH,ILS,1974-01-01,🇮🇱
110,Y,IT,ITA,ITALY,ITALY,ITALIE (L'),ITALIA,ИТАЛИЯ,意大利,إيطاليا,43.76610159,11.68396919,150,EUROPE,39,SOUTHERN EUROPE,,,HIGH,EUR,1974-01-01,🇮🇹
111,Y,JM,JAM,JAMAICA,JAMAICA,JAMAÏQUE (LA),JAMAICA,ЯМАЙКА,牙买加,جامايكا,18.15206196,-77.31137184,19,AMERICAS,419,LATIN AMERICA AND THE CARIBBEAN,29,CARIBBEAN,UPPER MIDDLE,JMD,1974-01-01,🇯🇲
112,Y,JP,JPN,JAPAN,JAPAN,JAPON (LE),JAPÓN (EL),ЯПОНИЯ,日本,اليابان,37.63209801,138.0812256,142,ASIA,30,EASTERN ASIA,,,HIGH,JPY,1974-01-01,🇯🇵
113,N,JE,JEY,JERSEY,JERSEY,,,,,,49.21921539,-2.12999674,150,EUROPE,154,NORTHERN EUROPE,830,CHANNEL ISLANDS,,GBP,2006-03-29,🇯🇪
114,Y,JO,JOR,JORDAN,JORDAN,JORDANIE (LA),JORDANIA,ИОРДАНИЯ,约旦,الأردن,31.25223934,36.78497101,142,ASIA,145,WESTERN ASIA,,,LOWER MIDDLE,JOD,1974-01-01,🇯🇴
115,Y,KZ,KAZ,KAZAKHSTAN,KAZAKHSTAN,KAZAKHSTAN (LE),KAZAJSTÁN,КАЗАХСТАН,哈萨克斯坦,كازاخستان,48.16011678,67.30440515,142,ASIA,143,CENTRAL ASIA,,,UPPER MIDDLE,KZT,2002-05-20,🇰🇿
116,Y,KE,KEN,KENYA,KENYA,KENYA (LE),KENYA,КЕНИЯ,肯尼亚,كينيا,0.529620946,37.85784174,2,AFRICA,202,SUB-SAHARAN AFRICA,14,EASTERN AFRICA,LOWER MIDDLE,KES,1974-01-01,🇰🇪
117,Y,KI,KIR,KIRIBATI,KIRIBATI,KIRIBATI,KIRIBATI,КИРИБАТИ,基里巴斯,كيريباس,1.844810739,-160.2677952,9,OCEANIA,57,MICRONESIA,,,LOWER MIDDLE,AUD,1984-01-01,🇰🇮
118,Y,KP,PRK,DEMOCRATIC PEOPLE'S REPUBLIC OF KOREA,DEMOCRATIC PEOPLE'S REPUBLIC OF KOREA,RÉPUBLIQUE POPULAIRE DÉMOCRATIQUE DE CORÉE (LA),REPÚBLICA POPULAR DEMOCRÁTICA DE COREA (LA),КОРЕЙСКАЯ НАРОДНО-ДЕМОКРАТИЧЕСКАЯ РЕСПУБЛИКА,朝鲜民主主义人民共和国,جمهورية كوريا الشعبية الديمقراطية,40.14251168,127.1828259,142,ASIA,30,EASTERN ASIA,,,LOW,KPW,1974-01-01,🇰🇵
119,Y,KR,KOR,REPUBLIC OF KOREA,REPUBLIC OF KOREA,RÉPUBLIQUE DE CORÉE (LA),REPÚBLICA DE COREA (LA),РЕСПУБЛИКА КОРЕЯ,大韩民国,جمهورية كوريا,36.52377792,127.8821461,142,ASIA,30,EASTERN ASIA,,,HIGH,KRW,1974-01-01,🇰🇷
120,Y,KW,KWT,KUWAIT,KUWAIT,KOWEÏT (LE),KUWAIT,КУВЕЙТ,科威特,الكويت,29.29832118,47.53304536,142,ASIA,145,WESTERN ASIA,,,HIGH,KWD,1974-01-01,🇰🇼
121,Y,KG,KGZ,KYRGYZSTAN,KYRGYZSTAN,KIRGHIZISTAN (LE),KIRGUISTÁN,КЫРГЫЗСТАН,吉尔吉斯斯坦,قيرغيزستان,41.46387775,74.55247592,142,ASIA,143,CENTRAL ASIA,,,LOWER MIDDLE,KGS,1993-07-25,🇰🇬
122,Y,LA,LAO,LAO PEOPLE'S DEMOCRATIC REPUBLIC,LAO PEOPLE'S DEMOCRATIC REPUBLIC,RÉPUBLIQUE DÉMOCRATIQUE POPULAIRE LAO (LA),REPÚBLICA DEMOCRÁTICA POPULAR LAO (LA),ЛАОССКАЯ НАРОДНО-ДЕМОКРАТИЧЕСКАЯ РЕСПУБЛИКА,老挝人民民主共和国,جمهورية لاو الديمقراطية الشعبية,18.50518622,103.7662533,142,ASIA,35,SOUTH-EASTERN ASIA,,,LOWER MIDDLE,LAK,1974-01-01,🇱🇦
123,Y,LV,LVA,LATVIA,LATVIA,LETTONIE (LA),LETONIA,ЛАТВИЯ,拉脱维亚,لاتفيا,56.85765774,24.92335393,150,EUROPE,154,NORTHERN EUROPE,,,HIGH,EUR,1992-06-15,🇱🇻
124,Y,LB,LBN,LEBANON,LEBANON,LIBAN (LE),LÍBANO (EL),ЛИВАН,黎巴嫩,لبنان,33.91995955,35.88513386,142,ASIA,145,WESTERN ASIA,,,LOWER MIDDLE,LBP,1974-01-01,🇱🇧
125,Y,LS,LSO,LESOTHO,LESOTHO,LESOTHO (LE),LESOTHO,ЛЕСОТО,莱索托,ليسوتو,-29.58448841,28.24105147,2,AFRICA,202,SUB-SAHARAN AFRICA,18,SOUTHERN AFRICA,LOWER MIDDLE,LSL,1974-01-01,🇱🇸
126,Y,LR,LBR,LIBERIA,LIBERIA,LIBÉRIA (LE),LIBERIA,ЛИБЕРИЯ,利比里亚,ليبريا,6.445498409,-9.307443775,2,AFRICA,202,SUB-SAHARAN AFRICA,11,WESTERN AFRICA,LOW,LRD,1974-01-01,🇱🇷
127,Y,LY,LBY,LIBYA,LIBYA,LIBYE (LA),LIBIA,ЛИВИЯ,利比亚,ليبيا,27.04420762,18.02212777,2,AFRICA,15,NORTHERN AFRICA,,,UPPER MIDDLE,LYD,2018-01-03,🇱🇾
128,Y,LI,LIE,LIECHTENSTEIN,LIECHTENSTEIN,LIECHTENSTEIN (LE),LIECHTENSTEIN,ЛИХТЕНШТЕЙН,列支敦士登,ليختنشتاين,47.16457362,9.558885464,150,EUROPE,155,WESTERN EUROPE,,,HIGH,CHF,1974-01-01,🇱🇮
129,Y,LT,LTU,LITHUANIA,LITHUANIA,LITUANIE (LA),LITUANIA,ЛИТВА,立陶宛,ليتوانيا,55.3344892,23.90739502,150,EUROPE,154,NORTHERN EUROPE,,,HIGH,EUR,1992-06-15,🇱🇹
130,Y,LU,LUX,LUXEMBOURG,LUXEMBOURG,LUXEMBOURG (LE),LUXEMBURGO,ЛЮКСЕМБУРГ,卢森堡,لكسمبرغ,49.77027091,6.08637699,150,EUROPE,155,WESTERN EUROPE,,,HIGH,EUR,1974-01-01,🇱🇺
131,N,MO,MAC,"CHINA, MACAO SPECIAL ADMINISTRATIVE REGION",MACAO,,,,,,22.1985265,113.5450075,142,ASIA,30,EASTERN ASIA,,,HIGH,MOP,1974-01-01,🇲🇴
132,Y,MK,MKD,NORTH MACEDONIA,NORTH MACEDONIA,MACÉDOINE DU NORD (LA),MACEDONIA DEL NORTE,СЕВЕРНАЯ МАКЕДОНИЯ,北马其顿,مقدونيا الشمالية,41.59654823,21.69480535,150,EUROPE,39,SOUTHERN EUROPE,,,UPPER MIDDLE,MKD,2019-02-14,🇲🇰
133,Y,MG,MDG,MADAGASCAR,MADAGASCAR,MADAGASCAR,MADAGASCAR,МАДАГАСКАР,马达加斯加,مدغشقر,-19.37969027,46.70406219,2,AFRICA,202,SUB-SAHARAN AFRICA,14,EASTERN AFRICA,LOW,MGA,1993-07-12,🇲🇬
134,Y,MW,MWI,MALAWI,MALAWI,MALAWI (LE),MALAWI,МАЛАВИ,马拉维,ملاوي,-13.21991287,34.31171876,2,AFRICA,202,SUB-SAHARAN AFRICA,14,EASTERN AFRICA,LOW,MWK,1974-01-01,🇲🇼
135,Y,MY,MYS,MALAYSIA,MALAYSIA,MALAISIE (LA),MALASIA,МАЛАЙЗИЯ,马来西亚,ماليزيا,2.745185714,140.4915783,142,ASIA,35,SOUTH-EASTERN ASIA,,,UPPER MIDDLE,MYR,1974-01-01,🇲🇾
136,Y,MV,MDV,MALDIVES,MALDIVES,MALDIVES (LES),MALDIVAS,МАЛЬДИВСКИЕ ОСТРОВА,马尔代夫,ملديف,5.068606213,73.32614511,142,ASIA,34,SOUTHERN ASIA,,,UPPER MIDDLE,MVR,1974-01-01,🇲🇻
137,Y,ML,MLI,MALI,MALI,MALI (LE),MALÍ,МАЛИ,马里,مالي,17.34640627,-3.525051581,2,AFRICA,202,SUB-SAHARAN AFRICA,11,WESTERN AFRICA,LOW,XOF,1974-01-01,🇲🇱
138,Y,MT,MLT,MALTA,MALTA,MALTE,MALTA,МАЛЬТА,马耳他,مالطة,35.90417953,14.42365795,150,EUROPE,39,SOUTHERN EUROPE,,,HIGH,EUR,1974-01-01,🇲🇹
139,Y,MH,MHL,MARSHALL ISLANDS,MARSHALL ISLANDS,ÎLES MARSHALL (LES),ISLAS MARSHALL (LAS),МАРШАЛЛОВЫ ОСТРОВА,马绍尔群岛,جزر مارشال,9.499091883,169.0954645,9,OCEANIA,57,MICRONESIA,,,UPPER MIDDLE,USD,1986-01-01,🇲🇭
140,N,MQ,MTQ,MARTINIQUE,MARTINIQUE,,,,,,14.65403719,-61.02842534,19,AMERICAS,419,LATIN AMERICA AND THE CARIBBEAN,29,CARIBBEAN,,EUR,1974-01-01,🇲🇶
141,Y,MR,MRT,MAURITANIA,MAURITANIA,MAURITANIE (LA),MAURITANIA,МАВРИТАНИЯ,毛里塔尼亚,موريتانيا,20.25780429,-10.33010275,2,AFRICA,202,SUB-SAHARAN AFRICA,11,WESTERN AFRICA,LOWER MIDDLE,MRU,1974-01-01,🇲🇷
142,Y,MU,MUS,MAURITIUS,MAURITIUS,MAURICE,MAURICIO,МАВРИКИЙ,毛里求斯,موريشيوس,-20.27530781,57.56676664,2,AFRICA,202,SUB-SAHARAN AFRICA,14,EASTERN AFRICA,UPPER MIDDLE,MUR,1974-01-01,🇲🇺
143,N,YT,MYT,MAYOTTE,MAYOTTE,,,,,,-12.81970382,45.13516865,2,AFRICA,202,SUB-SAHARAN AFRICA,14,EASTERN AFRICA,,EUR,1993-07-12,🇾🇹
144,Y,MX,MEX,MEXICO,MEXICO,MEXIQUE (LE),MÉXICO,МЕКСИКА,墨西哥,المكسيك,23.93832004,-102.5023164,19,AMERICAS,419,LATIN AMERICA AND THE CARIBBEAN,13,CENTRAL AMERICA,UPPER MIDDLE,MXN,1974-01-01,🇲🇽
145,Y,FM,FSM,MICRONESIA (FEDERATED STATES OF),MICRONESIA (FEDERATED STATES OF),MICRONÉSIE (ÉTATS FÉDÉRÉS DE),MICRONESIA (ESTADOS FEDERADOS DE),МИКРОНЕЗИЯ (ФЕДЕРАТИВНЫЕ ШТАТЫ),密克罗尼西亚联邦,ميكرونيزيا (ولايات - الموحدة),6.879864281,158.2381178,9,OCEANIA,57,MICRONESIA,,,LOWER MIDDLE,USD,1992-04-19,🇫🇲
146,Y,MD,MDA,REPUBLIC OF MOLDOVA,REPUBLIC OF MOLDOVA,RÉPUBLIQUE DE MOLDOVA (LA),REPÚBLICA DE MOLDOVA (LA),РЕСПУБЛИКА МОЛДОВА,摩尔多瓦共和国,جمهورية مولدوفا,47.19293174,28.47499987,150,EUROPE,151,EASTERN EUROPE,,,UPPER MIDDLE,MDL,2009-01-07,🇲🇩
147,Y,MC,MCO,MONACO,MONACO,MONACO,MÓNACO,МОНАКО,摩纳哥,موناكو,43.74830756,7.410882167,150,EUROPE,155,WESTERN EUROPE,,,HIGH,EUR,1974-01-01,🇲🇨
148,Y,MN,MNG,MONGOLIA,MONGOLIA,MONGOLIE (LA),MONGOLIA,МОНГОЛИЯ,蒙古,منغوليا,46.83576732,103.0813238,142,ASIA,30,EASTERN ASIA,,,LOWER MIDDLE,MNT,1974-01-01,🇲🇳
149,Y,ME,MNE,MONTENEGRO,MONTENEGRO,MONTÉNÉGRO (LE),MONTENEGRO,ЧЕРНОГОРИЯ,黑山,الجبل الأسود,42.78905871,19.26989732,150,EUROPE,39,SOUTHERN EUROPE,,,UPPER MIDDLE,EUR,2006-09-26,🇲🇪
150,N,MS,MSR,MONTSERRAT,MONTSERRAT,,,,,,16.73536624,-62.18693595,19,AMERICAS,419,LATIN AMERICA AND THE CARIBBEAN,29,CARIBBEAN,,XCD,1974-01-01,🇲🇸
151,Y,MA,MAR,MOROCCO,MOROCCO,MAROC (LE),MARRUECOS,МАРОККО,摩洛哥,المغرب,31.8836769,-6.317283613,2,AFRICA,15,NORTHERN AFRICA,,,LOWER MIDDLE,MAD,1974-01-01,🇲🇦
152,Y,MZ,MOZ,MOZAMBIQUE,MOZAMBIQUE,MOZAMBIQUE (LE),MOZAMBIQUE,МОЗАМБИК,莫桑比克,موزامبيق,-17.2617763,35.55202528,2,AFRICA,202,SUB-SAHARAN AFRICA,14,EASTERN AFRICA,LOW,MZM,1974-01-01,🇲🇿
153,Y,MM,MMR,MYANMAR,MYANMAR,MYANMAR (LE),MYANMAR,МЬЯНМА,缅甸,ميانمار,21.17952353,96.50232755,142,ASIA,35,SOUTH-EASTERN ASIA,,,LOWER MIDDLE,MMK,2011-06-12,🇲🇲
154,Y,,NAM,NAMIBIA,NAMIBIA,NAMIBIE (LA),NAMIBIA,НАМИБИЯ,纳米比亚,ناميبيا,-22.13362728,17.21558466,2,AFRICA,202,SUB-SAHARAN AFRICA,18,SOUTHERN AFRICA,UPPER MIDDLE,NAD,1974-01-01,
155,Y,NR,NRU,NAURU,NAURU,NAURU,NAURU,НАУРУ,瑙鲁,ناورو,-0.528781574,166.9232132,9,OCEANIA,57,MICRONESIA,,,HIGH,AUD,1974-01-01,🇳🇷
156,Y,NP,NPL,NEPAL,NEPAL,NÉPAL (LE),NEPAL,НЕПАЛ,尼泊尔,نيبال,28.25396507,83.9316657,142,ASIA,34,SOUTHERN ASIA,,,LOWER MIDDLE,NPR,2020-12-15,🇳🇵
157,Y,NL,NLD,NETHERLANDS (KINGDOM OF THE),NETHERLANDS (KINGDOM OF THE),PAYS-BAS (ROYAUME DES),PAÍSES BAJOS (REINO DE LOS),НИДЕРЛАНДЫ (КОРОЛЕВСТВО),荷兰王国,هولندا (مملكة _),52.26998137,5.675062933,150,EUROPE,155,WESTERN EUROPE,,,HIGH,EUR,2023-03-10,🇳🇱
158,N,AN,ANT,NETHERLANDS ANTILLES (THE NETHERLANDS),NETHERLANDS ANTILLES,,,,,,15.49421103,-67.12509177,19,AMERICAS,419,LATIN AMERICA AND THE CARIBBEAN,29,CARIBBEAN,,ANG,1974-01-01,🇦🇳
159,N,NC,NCL,NEW CALEDONIA,NEW CALEDONIA,,,,,,-21.33942425,165.2996228,9,OCEANIA,54,MELANESIA,,,HIGH,XPF,1974-01-01,🇳🇨
160,Y,NZ,NZL,NEW ZEALAND,NEW ZEALAND,NOUVELLE-ZÉLANDE (LA),NUEVA ZELANDIA,НОВАЯ ЗЕЛАНДИЯ,新西兰,نيوزيلندا,-56.5161571,161.1190313,9,OCEANIA,53,AUSTRALIA AND NEW ZEALAND,,,HIGH,NZD,1974-01-01,🇳🇿
161,Y,NI,NIC,NICARAGUA,NICARAGUA,NICARAGUA (LE),NICARAGUA,НИКАРАГУА,尼加拉瓜,نيكاراغوا,12.83712778,-85.03655572,19,AMERICAS,419,LATIN AMERICA AND THE CARIBBEAN,13,CENTRAL AMERICA,LOWER MIDDLE,NIO,1974-01-01,🇳🇮
162,Y,NE,NER,NIGER,NIGER,NIGER (LE),NÍGER (EL),НИГЕР,尼日尔,النيجر,17.42463558,9.397470038,2,AFRICA,202,SUB-SAHARAN AFRICA,11,WESTERN AFRICA,LOW,XOF,1974-01-01,🇳🇪
163,Y,NG,NGA,NIGERIA,NIGERIA,NIGÉRIA (LE),NIGERIA,НИГЕРИЯ,尼日利亚,نيجيريا,9.590667555,8.10605344,2,AFRICA,202,SUB-SAHARAN AFRICA,11,WESTERN AFRICA,LOWER MIDDLE,NGN,1974-01-01,🇳🇬
164,Y,NU,NIU,NIUE,NIUE,NIOUÉ,NIUE,НИУЭ,纽埃,نيوي,-19.05213426,-169.8688481,9,OCEANIA,61,POLYNESIA,,,,NZD,2011-06-12,🇳🇺
165,N,NF,NFK,NORFOLK ISLAND,NORFOLK ISLAND,,,,,,-29.0376577,167.952597,9,OCEANIA,53,AUSTRALIA AND NEW ZEALAND,,,,AUD,1974-01-01,🇳🇫
166,Y,NO,NOR,NORWAY,NORWAY,NORVÈGE (LA),NORUEGA,НОРВЕГИЯ,挪威,النرويج,64.41197955,14.06269622,150,EUROPE,154,NORTHERN EUROPE,,,HIGH,NOK,1974-01-01,🇳🇴
167,Y,OM,OMN,OMAN,OMAN,OMAN,OMÁN,ОМАН,阿曼,عمان,20.53707855,56.1036955,142,ASIA,145,WESTERN ASIA,,,HIGH,OMR,1974-01-01,🇴🇲
168,Y,PK,PAK,PAKISTAN,PAKISTAN,PAKISTAN (LE),PAKISTÁN (EL),ПАКИСТАН,巴基斯坦,باكستان,29.35468377,68.78655545,142,ASIA,34,SOUTHERN ASIA,,,LOWER MIDDLE,PKR,1974-01-01,🇵🇰
169,Y,PW,PLW,PALAU,PALAU,PALAOS (LES),PALAU,ПАЛАУ,帕劳,بالاو,7.514890523,134.5751097,9,OCEANIA,57,MICRONESIA,,,UPPER MIDDLE,USD,1986-01-01,🇵🇼
170,Y,PS,PSE,STATE OF PALESTINE,STATE OF PALESTINE,ÉTAT DE PALESTINE (L'),ESTADO DE PALESTINA (EL),ГОСУДАРСТВО ПАЛЕСТИНА,巴勒斯坦国,دولة فلسطين,31.99084142,35.30744047,142,ASIA,145,WESTERN ASIA,,,UPPER MIDDLE,ILS,2013-02-06,🇵🇸
171,Y,PA,PAN,PANAMA,PANAMA,PANAMA (LE),PANAMÁ,ПАНАМА,巴拿马,بنما,8.518057314,-80.07104511,19,AMERICAS,419,LATIN AMERICA AND THE CARIBBEAN,13,CENTRAL AMERICA,HIGH,PAB,1993-07-22,🇵🇦
172,Y,PG,PNG,PAPUA NEW GUINEA,PAPUA NEW GUINEA,PAPOUASIE-NOUVELLE-GUINÉE (LA),PAPUA NUEVA GUINEA,ПАПУА — НОВАЯ ГВИНЕЯ,巴布亚新几内亚,بابوا غينيا الجديدة,-6.834760878,143.0464597,9,OCEANIA,54,MELANESIA,,,LOWER MIDDLE,PGK,1974-01-01,🇵🇬
173,Y,PY,PRY,PARAGUAY,PARAGUAY,PARAGUAY (LE),PARAGUAY (EL),ПАРАГВАЙ,巴拉圭,باراغواي,-23.23840821,-58.39126243,19,AMERICAS,419,LATIN AMERICA AND THE CARIBBEAN,5,SOUTH AMERICA,UPPER MIDDLE,PYG,1974-01-01,🇵🇾
174,Y,PE,PER,PERU,PERU,PÉROU (LE),PERÚ (EL),ПЕРУ,秘鲁,بيرو,-9.167216491,-74.37537796,19,AMERICAS,419,LATIN AMERICA AND THE CARIBBEAN,5,SOUTH AMERICA,UPPER MIDDLE,PEN,1974-01-01,🇵🇪
175,Y,PH,PHL,PHILIPPINES,PHILIPPINES,PHILIPPINES (LES),FILIPINAS,ФИЛИППИНЫ,菲律宾,الفلبين,-0.736653675,127.2358509,142,ASIA,35,SOUTH-EASTERN ASIA,,,LOWER MIDDLE,PHP,1976-01-01,🇵🇭
176,N,PN,PCN,PITCAIRN,PITCAIRN,,,,,,-24.2051566,-127.9093208,9,OCEANIA,61,POLYNESIA,,,,NZD,1974-01-01,🇵🇳
177,Y,PL,POL,POLAND,POLAND,POLOGNE (LA),POLONIA,ПОЛЬША,波兰,بولندا,52.12847492,19.40086,150,EUROPE,151,EASTERN EUROPE,,,HIGH,PLN,1974-01-01,🇵🇱
178,Y,PT,PRT,PORTUGAL,PORTUGAL,PORTUGAL (LE),PORTUGAL,ПОРТУГАЛИЯ,葡萄牙,البرتغال,39.23901506,-30.21832194,150,EUROPE,39,SOUTHERN EUROPE,,,HIGH,EUR,1974-01-01,🇵🇹
179,N,PR,PRI,PUERTO RICO,PUERTO RICO,,,,,,18.22412124,-66.47814528,19,AMERICAS,419,LATIN AMERICA AND THE CARIBBEAN,29,CARIBBEAN,HIGH,USD,1974-01-01,🇵🇷
180,Y,QA,QAT,QATAR,QATAR,QATAR (LE),QATAR,КАТАР,卡塔尔,قطر,25.29089005,51.1841661,142,ASIA,145,WESTERN ASIA,,,HIGH,QAR,1974-01-01,🇶🇦
181,N,RE,REU,RÉUNION,RÉUNION,,,,,,-21.12280909,55.55123933,2,AFRICA,202,SUB-SAHARAN AFRICA,14,EASTERN AFRICA,,EUR,1974-01-01,🇷🇪
182,Y,RO,ROU,ROMANIA,ROMANIA,ROUMANIE (LA),RUMANIA,РУМЫНИЯ,罗马尼亚,رومانيا,45.84314501,24.96613666,150,EUROPE,151,EASTERN EUROPE,,,HIGH,RON,2002-02-01,🇷🇴
183,Y,RU,RUS,RUSSIAN FEDERATION,RUSSIAN FEDERATION,FÉDÉRATION DE RUSSIE (LA),FEDERACIÓN DE RUSIA (LA),РОССИЙСКАЯ ФЕДЕРАЦИЯ,俄罗斯联邦,الاتحاد الروسي,61.97564081,96.67837519,150,EUROPE,151,EASTERN EUROPE,,,UPPER MIDDLE,RUB,1992-06-15,🇷🇺
184,Y,RW,RWA,RWANDA,RWANDA,RWANDA (LE),RWANDA,РУАНДА,卢旺达,رواندا,-1.991722808,29.92068123,2,AFRICA,202,SUB-SAHARAN AFRICA,14,EASTERN AFRICA,LOW,RWF,1974-01-01,🇷🇼
185,N,BL,BLM,SAINT BARTHÉLEMY,SAINT BARTHÉLEMY,,,,,,17.90896225,-62.82613534,19,AMERICAS,419,LATIN AMERICA AND THE CARIBBEAN,29,CARIBBEAN,,EUR,2007-09-21,🇧🇱
186,N,SH,SHN,SAINT HELENA,SAINT HELENA,,,,,,-37.11173844,-12.28290657,2,AFRICA,202,SUB-SAHARAN AFRICA,11,WESTERN AFRICA,,SHP,1974-01-01,🇸🇭
187,Y,KN,KNA,SAINT KITTS AND NEVIS,SAINT KITTS AND NEVIS,SAINT-KITTS-ET-NEVIS,SAINT KITTS Y NEVIS,СЕНТ-КИТС И НЕВИС,圣基茨和尼维斯,سانت كيتس ونيفس,17.32619066,-62.7533967,19,AMERICAS,419,LATIN AMERICA AND THE CARIBBEAN,29,CARIBBEAN,HIGH,XCD,1985-01-01,🇰🇳
188,Y,LC,LCA,SAINT LUCIA,SAINT LUCIA,SAINTE-LUCIE,SANTA LUCÍA,СЕНТ-ЛЮСИЯ,圣卢西亚,سانت لوسيا,13.90391475,-60.96175259,19,AMERICAS,419,LATIN AMERICA AND THE CARIBBEAN,29,CARIBBEAN,UPPER MIDDLE,XCD,1974-01-01,🇱🇨
189,N,MF,MAF,SAINT MARTIN (FRENCH PART),SAINT MARTIN,,,,,,18.09128952,-63.05163864,19,AMERICAS,419,LATIN AMERICA AND THE CARIBBEAN,29,CARIBBEAN,HIGH,EUR,2007-09-21,🇲🇫
190,N,PM,SPM,SAINT PIERRE AND MIQUELON,SAINT PIERRE AND MIQUELON,,,,,,46.78737259,-56.21105237,19,AMERICAS,21,NORTHERN AMERICA,,,,EUR,1974-01-01,🇵🇲
191,Y,VC,VCT,SAINT VINCENT AND THE GRENADINES,SAINT VINCENT AND THE GRENADINES,SAINT-VINCENT-ET-LES GRENADINES,SAN VICENTE Y LAS GRANADINAS,СЕНТ-ВИНСЕНТ И ГРЕНАДИНЫ,圣文森特和格林纳丁斯,سانت فنسنت وجزر غرينادين,13.25481082,-61.19376585,19,AMERICAS,419,LATIN AMERICA AND THE CARIBBEAN,29,CARIBBEAN,UPPER MIDDLE,XCD,1974-01-01,🇻🇨
192,Y,WS,WSM,SAMOA,SAMOA,SAMOA (LE),SAMOA,САМОА,萨摩亚,ساموا,-13.16992041,-173.5139768,9,OCEANIA,61,POLYNESIA,,,LOWER MIDDLE,WST,1998-02-05,🇼🇸
193,Y,SM,SMR,SAN MARINO,SAN MARINO,SAINT-MARIN,SAN MARINO,САН-МАРИНО,圣马力诺,سان مارينو,43.94362477,12.45862763,150,EUROPE,39,SOUTHERN EUROPE,,,HIGH,EUR,1974-01-01,🇸🇲
194,Y,ST,STP,SAO TOME AND PRINCIPE,SAO TOME AND PRINCIPE,SAO TOMÉ-ET-PRINCIPE,SANTO TOMÉ Y PRÍNCIPE,САН-ТОМЕ И ПРИНСИПИ,圣多美和普林西比,سان تومي وبرينسيبي,0.227069777,6.614376446,2,AFRICA,202,SUB-SAHARAN AFRICA,17,MIDDLE AFRICA,LOWER MIDDLE,STN,1974-01-01,🇸🇹
195,Y,SA,SAU,SAUDI ARABIA,SAUDI ARABIA,ARABIE SAOUDITE (L'),ARABIA SAUDITA (LA),САУДОВСКАЯ АРАВИЯ,沙特阿拉伯,المملكة العربية السعودية,24.12628999,44.54637538,142,ASIA,145,WESTERN ASIA,,,HIGH,SAR,1974-01-01,🇸🇦
196,Y,SN,SEN,SENEGAL,SENEGAL,SÉNÉGAL (LE),SENEGAL (EL),СЕНЕГАЛ,塞内加尔,السنغال,14.35710542,-14.4780169,2,AFRICA,202,SUB-SAHARAN AFRICA,11,WESTERN AFRICA,LOWER MIDDLE,XOF,1974-01-01,🇸🇳
197,Y,RS,SRB,SERBIA,SERBIA,SERBIE (LA),SERBIA,СЕРБИЯ,塞尔维亚,صربيا,44.03017332,20.80259395,150,EUROPE,39,SOUTHERN EUROPE,,,UPPER MIDDLE,RSD,2006-09-26,🇷🇸
198,Y,SC,SYC,SEYCHELLES,SEYCHELLES,SEYCHELLES (LES),SEYCHELLES,СЕЙШЕЛЬСКИЕ ОСТРОВА,塞舌尔,سيشيل,-4.651257344,55.46250801,2,AFRICA,202,SUB-SAHARAN AFRICA,14,EASTERN AFRICA,HIGH,SCR,1974-01-01,🇸🇨
199,Y,SL,SLE,SIERRA LEONE,SIERRA LEONE,SIERRA LEONE (LA),SIERRA LEONA,СЬЕРРА-ЛЕОНЕ,塞拉利昂,سيراليون,8.571898577,-11.77850059,2,AFRICA,202,SUB-SAHARAN AFRICA,11,WESTERN AFRICA,LOW,SLL,1974-01-01,🇸🇱
200,Y,SG,SGP,SINGAPORE,SINGAPORE,SINGAPOUR,SINGAPUR,СИНГАПУР,新加坡,سنغافورة,1.344965221,103.8094495,142,ASIA,35,SOUTH-EASTERN ASIA,,,HIGH,SGD,1974-01-01,🇸🇬
201,N,SX,SXM,SINT MAARTEN (DUTCH PART),SINT MAARTEN,,,,,,18.04006004,-63.06246961,19,AMERICAS,419,LATIN AMERICA AND THE CARIBBEAN,29,CARIBBEAN,HIGH,ANG,2010-12-15,🇸🇽
202,Y,SK,SVK,SLOVAKIA,SLOVAKIA,SLOVAQUIE (LA),ESLOVAQUIA,СЛОВАКИЯ,斯洛伐克,سلوفاكيا,48.70609262,19.49110883,150,EUROPE,151,EASTERN EUROPE,,,HIGH,EUR,1974-01-01,🇸🇰
203,Y,SI,SVN,SLOVENIA,SLOVENIA,SLOVÉNIE (LA),ESLOVENIA,СЛОВЕНИЯ,斯洛文尼亚,سلوفينيا,46.123589,14.82836958,150,EUROPE,39,SOUTHERN EUROPE,,,HIGH,EUR,1993-06-15,🇸🇮
204,Y,SB,SLB,SOLOMON ISLANDS,SOLOMON ISLANDS,ÎLES SALOMON (LES),ISLAS SALOMÓN (LAS),СОЛОМОНОВЫ ОСТРОВА,所罗门群岛,جزر سليمان,-8.823576119,159.6577946,9,OCEANIA,54,MELANESIA,,,LOWER MIDDLE,SBD,1974-01-01,🇸🇧
205,Y,SO,SOM,SOMALIA,SOMALIA,SOMALIE (LA),SOMALIA,СОМАЛИ,索马里,الصومال,6.070298569,45.86808802,2,AFRICA,202,SUB-SAHARAN AFRICA,14,EASTERN AFRICA,LOW,SOS,1974-01-01,🇸🇴
206,Y,ZA,ZAF,SOUTH AFRICA,SOUTH AFRICA,AFRIQUE DU SUD (L'),SUDÁFRICA,ЮЖНАЯ АФРИКА,南非,جنوب أفريقيا,-28.99235649,25.09025016,2,AFRICA,202,SUB-SAHARAN AFRICA,18,SOUTHERN AFRICA,UPPER MIDDLE,ZAR,1974-01-01,🇿🇦
207,N,GS,SGS,SOUTH GEORGIA AND THE SOUTH SANDWICH ISLANDS,SOUTH GEORGIA AND THE SOUTH SANDWICH ISLANDS,,,,,,-54.42976761,-36.49759369,19,AMERICAS,419,LATIN AMERICA AND THE CARIBBEAN,5,SOUTH AMERICA,,GBP,1993-07-23,🇬🇸
208,Y,ES,ESP,SPAIN,SPAIN,ESPAGNE (L'),ESPAÑA,ИСПАНИЯ,西班牙,إسبانيا,40.3097875,-3.578125378,150,EUROPE,39,SOUTHERN EUROPE,,,HIGH,EUR,1974-01-01,🇪🇸
209,Y,LK,LKA,SRI LANKA,SRI LANKA,SRI LANKA,SRI LANKA,ШРИ-ЛАНКА,斯里兰卡,سري لانكا,7.617249894,80.70787736,142,ASIA,34,SOUTHERN ASIA,,,LOWER MIDDLE,LKR,1974-01-01,🇱🇰
210,Y,SS,SSD,SOUTH SUDAN,SOUTH SUDAN,SOUDAN DU SUD (LE),SUDÁN DEL SUR,ЮЖНЫЙ СУДАН,南苏丹,جنوب السودان,7.295889595,30.30870192,2,AFRICA,202,SUB-SAHARAN AFRICA,14,EASTERN AFRICA,LOW,SSP,2011-09-08,🇸🇸
211,Y,SD,SDN,SUDAN,SUDAN,SOUDAN (LE),SUDÁN (EL),СУДАН,苏丹,السودان,16.04892872,30.00339118,2,AFRICA,15,NORTHERN AFRICA,,,LOW,SDG,1974-01-01,🇸🇩
212,Y,SR,SUR,SURINAME,SURINAME,SURINAME (LE),SURINAME,СУРИНАМ,苏里南,سورينام,4.125518847,-55.91480138,19,AMERICAS,419,LATIN AMERICA AND THE CARIBBEAN,5,SOUTH AMERICA,UPPER MIDDLE,SRD,1974-01-01,🇸🇷
213,N,SJ,SJM,SVALBARD AND JAN MAYEN ISLANDS,SVALBARD AND JAN MAYEN ISLANDS,,,,,,77.62362195,6.012261852,150,EUROPE,154,NORTHERN EUROPE,,,,NOK,1974-01-01,🇸🇯
214,Y,SZ,SWZ,ESWATINI,ESWATINI,ESWATINI (L'),ESWATINI,ЭСВАТИНИ,斯威士兰,إسواتيني,-26.56643647,31.50113832,2,AFRICA,202,SUB-SAHARAN AFRICA,18,SOUTHERN AFRICA,LOWER MIDDLE,SZL,2018-06-02,🇸🇿
215,Y,SE,SWE,SWEDEN,SWEDEN,SUÈDE (LA),SUECIA,ШВЕЦИЯ,瑞典,السويد,62.88018421,16.72425629,150,EUROPE,154,NORTHERN EUROPE,,,HIGH,SEK,1974-01-01,🇸🇪
216,Y,CH,CHE,SWITZERLAND,SWITZERLAND,SUISSE (LA),SUIZA,ШВЕЙЦАРИЯ,瑞士,سويسرا,46.80615952,8.243637777,150,EUROPE,155,WESTERN EUROPE,,,HIGH,CHF,1974-01-01,🇨🇭
217,Y,SY,SYR,SYRIAN ARAB REPUBLIC,SYRIAN ARAB REPUBLIC,RÉPUBLIQUE ARABE SYRIENNE (LA),REPÚBLICA ÁRABE SIRIA (LA),СИРИЙСКАЯ АРАБСКАЯ РЕСПУБЛИКА,阿拉伯叙利亚共和国,الجمهورية العربية السورية,35.01105189,38.51123805,142,ASIA,145,WESTERN ASIA,,,LOW,SYP,1974-01-01,🇸🇾
218,N,TW,TWN,TAIWAN (PROVINCE OF CHINA),TAIWAN (PROVINCE OF CHINA),,,,,,23.74652012,120.9621301,142,ASIA,30,EASTERN ASIA,,,HIGH,TWD,1974-01-01,🇹🇼
219,Y,TJ,TJK,TAJIKISTAN,TAJIKISTAN,TADJIKISTAN (LE),TAYIKISTÁN,ТАДЖИКИСТАН,塔吉克斯坦,طاجيكستان,38.52699814,71.04232577,142,ASIA,143,CENTRAL ASIA,,,LOWER MIDDLE,TJS,1992-06-15,🇹🇯
220,Y,TZ,TZA,UNITED REPUBLIC OF TANZANIA,UNITED REPUBLIC OF TANZANIA,RÉPUBLIQUE-UNIE DE TANZANIE (LA),REPÚBLICA UNIDA DE TANZANÍA (LA),ОБЪЕДИНЕННАЯ РЕСПУБЛИКА ТАНЗАНИЯ,坦桑尼亚联合共和国,جمهورية تنزانيا المتحدة,-6.273241244,34.79620168,2,AFRICA,202,SUB-SAHARAN AFRICA,14,EASTERN AFRICA,LOWER MIDDLE,TZS,1974-01-01,🇹🇿
221,Y,TH,THA,THAILAND,THAILAND,THAÏLANDE (LA),TAILANDIA,ТАИЛАНД,泰国,تايلند,15.15949511,101.020107,142,ASIA,35,SOUTH-EASTERN ASIA,,,UPPER MIDDLE,THB,1974-01-01,🇹🇭
222,Y,TL,TLS,TIMOR-LESTE,TIMOR-LESTE,TIMOR-LESTE (LE),TIMOR-LESTE,ТИМОР-ЛЕШТИ,东帝汶,تيمور- ليشتي,-8.767718612,126.0420452,142,ASIA,35,SOUTH-EASTERN ASIA,,,LOWER MIDDLE,USD,2002-11-15,🇹🇱
223,Y,TG,TGO,TOGO,TOGO,TOGO (LE),TOGO (EL),ТОГО,多哥,توغو,8.541637601,0.97409513,2,AFRICA,202,SUB-SAHARAN AFRICA,11,WESTERN AFRICA,LOW,XOF,1974-01-01,🇹🇬
224,N,TK,TKL,TOKELAU,TOKELAU,,,,,,-9.195175351,-171.8526597,9,OCEANIA,61,POLYNESIA,,,,NZD,1974-01-01,🇹🇰
225,Y,TO,TON,TONGA,TONGA,TONGA (LES),TONGA,ТОНГА,汤加,تونغا,-22.92273894,-176.0448464,9,OCEANIA,61,POLYNESIA,,,UPPER MIDDLE,TOP,1974-01-01,🇹🇴
226,Y,TT,TTO,TRINIDAD AND TOBAGO,TRINIDAD AND TOBAGO,TRINITÉ-ET-TOBAGO (LA),TRINIDAD Y TABAGO,ТРИНИДАД И ТОБАГО,特立尼达和多巴哥,ترينيداد وتوباغو,10.40535665,-61.29228487,19,AMERICAS,419,LATIN AMERICA AND THE CARIBBEAN,29,CARIBBEAN,HIGH,TTD,1974-01-01,🇹🇹
227,Y,TN,TUN,TUNISIA,TUNISIA,TUNISIE (LA),TÚNEZ,ТУНИС,突尼斯,تونس,34.10810736,9.557630913,2,AFRICA,15,NORTHERN AFRICA,,,LOWER MIDDLE,TND,1974-01-01,🇹🇳
228,Y,TR,TUR,TÜRKIYE,TÜRKIYE,TÜRKIYE (LA),TÜRKIYE,ТУРЦИЯ,土耳其,تركيا,38.91218946,35.69849765,142,ASIA,145,WESTERN ASIA,,,UPPER MIDDLE,TRY,2022-06-02,🇹🇷
229,Y,TM,TKM,TURKMENISTAN,TURKMENISTAN,TURKMÉNISTAN (LE),TURKMENISTÁN,ТУРКМЕНИСТАН,土库曼斯坦,تركمانستان,39.12455662,59.38935348,142,ASIA,143,CENTRAL ASIA,,,UPPER MIDDLE,TMT,1992-06-15,🇹🇲
230,N,TC,TCA,TURKS AND CAICOS ISLANDS,TURKS AND CAICOS ISLANDS,,,,,,21.81744592,-71.77770318,19,AMERICAS,419,LATIN AMERICA AND THE CARIBBEAN,29,CARIBBEAN,HIGH,USD,1974-01-01,🇹🇨
231,Y,TV,TUV,TUVALU,TUVALU,TUVALU (LES),TUVALU,ТУВАЛУ,图瓦卢,توفالو,-10.46069351,181.0881855,9,OCEANIA,61,POLYNESIA,,,UPPER MIDDLE,AUD,1979-01-01,🇹🇻
232,Y,UG,UGA,UGANDA,UGANDA,OUGANDA (L'),UGANDA,УГАНДА,乌干达,أوغندا,1.280667326,32.38662225,2,AFRICA,202,SUB-SAHARAN AFRICA,14,EASTERN AFRICA,LOW,UGX,1974-01-01,🇺🇬
233,Y,UA,UKR,UKRAINE,UKRAINE,UKRAINE (L'),UCRANIA,УКРАИНА,乌克兰,أوكرانيا,49.01900507,31.37809941,150,EUROPE,151,EASTERN EUROPE,,,LOWER MIDDLE,UAH,1992-04-19,🇺🇦
234,Y,AE,ARE,UNITED ARAB EMIRATES,UNITED ARAB EMIRATES,ÉMIRATS ARABES UNIS (LES),EMIRATOS ÁRABES UNIDOS (LOS),ОБЪЕДИНЕННЫЕ АРАБСКИЕ ЭМИРАТЫ,阿拉伯联合酋长国,الإمارات العربية المتحدة,23.90525867,54.35072869,142,ASIA,145,WESTERN ASIA,,,HIGH,AED,1974-01-01,🇦🇪
235,Y,GB,GBR,UNITED KINGDOM OF GREAT BRITAIN AND NORTHERN IRELAND,UNITED KINGDOM OF GREAT BRITAIN AND NORTHERN IRELAND,ROYAUME-UNI DE GRANDE-BRETAGNE ET D'IRLANDE DU NORD (LE),REINO UNIDO DE GRAN BRETAÑA E IRLANDA DEL NORTE (EL),СОЕДИНЕННОЕ КОРОЛЕВСТВО ВЕЛИКОБРИТАНИИ И СЕВЕРНОЙ ИРЛАНДИИ,大不列颠及北爱尔兰联合王国,المملكة المتحدة لبريطانيا العظمى وأيرلندا الشمالية,53.75504855,-2.103843405,150,EUROPE,154,NORTHERN EUROPE,,,HIGH,GBP,1974-01-01,🇬🇧
236,Y,US,USA,UNITED STATES OF AMERICA,UNITED STATES OF AMERICA,ÉTATS-UNIS D'AMÉRIQUE (LES),ESTADOS UNIDOS DE AMÉRICA (LOS),СОЕДИНЕННЫЕ ШТАТЫ АМЕРИКИ,美利坚合众国,الولايات المتحدة الأمريكية,45.73643438,-112.404207,19,AMERICAS,21,NORTHERN AMERICA,,,HIGH,USD,1974-01-01,🇺🇸
237,N,UM,UMI,UNITED STATES MINOR OUTLYING ISLANDS,UNITED STATES MINOR OUTLYING ISLANDS,,,,,,,,9,OCEANIA,57,MICRONESIA,,,,USD,1986-01-01,🇺🇲
238,Y,UY,URY,URUGUAY,URUGUAY,URUGUAY (L'),URUGUAY (EL),УРУГВАЙ,乌拉圭,أوروغواي,-32.80198719,-56.01417232,19,AMERICAS,419,LATIN AMERICA AND THE CARIBBEAN,5,SOUTH AMERICA,HIGH,UYU,1974-01-01,🇺🇾
239,Y,UZ,UZB,UZBEKISTAN,UZBEKISTAN,OUZBÉKISTAN (L'),UZBEKISTÁN,УЗБЕКИСТАН,乌兹别克斯坦,أوزبكستان,41.74950759,63.17455249,142,ASIA,143,CENTRAL ASIA,,,LOWER MIDDLE,UZS,1992-06-15,🇺🇿
240,Y,VU,VUT,VANUATU,VANUATU,VANUATU,VANUATU,ВАНУАТУ,瓦努阿图,فانواتو,-21.04390394,171.2797047,9,OCEANIA,54,MELANESIA,,,LOWER MIDDLE,VUV,1980-01-01,🇻🇺
241,Y,VE,VEN,VENEZUELA (BOLIVARIAN REPUBLIC OF),VENEZUELA (BOLIVARIAN REPUBLIC OF),VENEZUELA (RÉPUBLIQUE BOLIVARIENNE DU),VENEZUELA (REPÚBLICA BOLIVARIANA DE),ВЕНЕСУЭЛА (БОЛИВАРИАНСКАЯ РЕСПУБЛИКА),委内瑞拉玻利瓦尔共和国,فنزويلا (جمهورية - البوليفارية),7.115201972,-66.18367077,19,AMERICAS,419,LATIN AMERICA AND THE CARIBBEAN,5,SOUTH AMERICA,,VEF,2009-03-03,🇻🇪
242,Y,VN,VNM,VIET NAM,VIET NAM,VIET NAM (LE),VIET NAM,ВЬЕТНАМ,越南,فييت نام,16.64893259,106.3103686,142,ASIA,35,SOUTH-EASTERN ASIA,,,LOWER MIDDLE,VND,1977-01-01,🇻🇳
243,N,VG,VGB,BRITISH VIRGIN ISLANDS,BRITISH VIRGIN ISLANDS,,,,,,18.30332154,-65.11493198,19,AMERICAS,419,LATIN AMERICA AND THE CARIBBEAN,29,CARIBBEAN,HIGH,USD,1974-01-01,🇻🇬
244,N,WF,WLF,WALLIS AND FUTUNA ISLANDS,WALLIS AND FUTUNA ISLANDS,,,,,,-14.36099529,-178.0421057,9,OCEANIA,61,POLYNESIA,,,,XPF,1974-01-01,🇼🇫
245,N,EH,ESH,WESTERN SAHARA,WESTERN SAHARA,,,,,,24.66295331,-13.13425705,2,AFRICA,15,NORTHERN AFRICA,,,,MAD,1985-01-01,🇪🇭
246,Y,YE,YEM,YEMEN,YEMEN,YÉMEN (LE),YEMEN (EL),ЙЕМЕН,也门,اليمن,15.96506363,47.50305348,142,ASIA,145,WESTERN ASIA,,,LOW,YER,1993-07-12,🇾🇪
247,Y,ZM,ZMB,ZAMBIA,ZAMBIA,ZAMBIE (LA),ZAMBIA,ЗАМБИЯ,赞比亚,زامبيا,-13.45369192,27.80039565,2,AFRICA,202,SUB-SAHARAN AFRICA,14,EASTERN AFRICA,LOWER MIDDLE,ZMK,1974-01-01,🇿🇲
248,Y,ZW,ZWE,ZIMBABWE,ZIMBABWE,ZIMBABWE (LE),ZIMBABWE,ЗИМБАБВЕ,津巴布韦,زمبابوي,-19.00126774,29.86951021,2,AFRICA,202,SUB-SAHARAN AFRICA,14,EASTERN AFRICA,LOWER MIDDLE,ZWL,1980-01-01,🇿🇼
255,N,MP,MNP,NORTHERN MARIANA ISLANDS,NORTHERN MARIANA ISLANDS,,,,,,25.56053736,152.1251419,9,OCEANIA,57,MICRONESIA,,,HIGH,USD,1986-01-01,🇲🇵
265,N,VI,VIR,UNITED STATES VIRGIN ISLANDS,UNITED STATES VIRGIN ISLANDS,,,,,,17.39137826,-64.67699419,19,AMERICAS,419,LATIN AMERICA AND THE CARIBBEAN,29,CARIBBEAN,HIGH,USD,1974-01-01,🇻🇮
266,N,XK,XKX,KOSOVO,KOSOVO,,,,,,42.61901705,20.90987836,150,EUROPE,39,SOUTHERN EUROPE,,,,EUR,1974-01-01,🇽🇰
267,Y,CS,SCG,SERBIA AND MONTENEGRO,SERBIA AND MONTENEGRO,SERBIE-ET-MONTÉNÉGRO,SERBIA Y MONTENEGRO,СЕРБИЯ И ЧЕРНОГОРИЯ,塞尔维亚和黑山,صربيا والجبل الأسود,44,21,150,EUROPE,39,SOUTHERN EUROPE,,,UPPER MIDDLE,CSD,1992-04-27,🇨🇸
